epoch,loss,accuracy
0,4.689415762696085,0.0092
0,4.6661109743239,0.0114
1,4.341089846212653,0.0729
2,4.035973944241488,0.2141
3,3.7507706774940974,0.3693
4,3.485678048073491,0.4599
5,3.2409715712824956,0.5211
6,3.0169764681707454,0.5627
7,2.813815171205545,0.5932
8,2.6312062136734586,0.6097
9,2.4683929636508606,0.6251
10,2.3241236783281156,0.6391
